<?xml version="1.0" encoding="UTF-8"?>
<!DOCTYPE hibernate-mapping PUBLIC
"-//Hibernate/Hibernate Mapping DTD 3.0//EN"
"http://hibernate.sourceforge.net/hibernate-mapping-3.0.dtd">
<hibernate-mapping>
<!-- datatypes here are HBM types not java or mysql datatypes -->
<!-- check table exists or create new one called cts_empdemo -->
<class name="com.pojo.Emp_Pojo" table = "cts_empdemo">
<!-- creating primary key -->
<id name="Empno1" type="int" column="eno"></id>
<property name="Empname" column="name"></property>
<property name="salary1" column="salary" type="java.lang.Float"></property>
</class>

<!-- NAMED QUERY(ONLY POJO NAME)-->
<query name="CTS_EmpView">
<![CDATA[from Emp_Pojo]]>
</query>
<query name="CTS_DeleteRecord">
<![CDATA[delete from Emp_Pojo where Empno1=:deleno]]>
</query>
</hibernate-mapping>